source_name,source_sha256,public_path,public_sha256,bytes,duration_seconds,caption,rights_basis,transform
mmexport1786529980151.jpg,e2eec99b2554ab9a097876c0a695bb0512d47e1bfa468a4aa056dfe549fc2427,assets/media/hero/rootscope-hero.jpg,2dbac9cd385bd0d015d8b4bf0b762756f9372709788521e865fa97bc406d2a65,500557,,RootScope fixed irrigation chamber; wheeled chassis used only as a carrier.,RootScope team archive; public release directed by the project owner on 2026-08-12; likeness and trademark rights do not imply endorsement,EXIF removed; privacy crop; documented screen/label blur where applicable; max 2400x1800 JPEG
mmexport1786529978786.jpg,58fc0904431bd4505dd1efe5f016e251200384af38416d005509e0d630c2576e,assets/media/hardware/rootscope-rig-top-view.jpg,33304c895ddc1d60160b1abc7eca6d500840d729532cd29f753033dbc875feae,616398,,"Top view of the reservoir, wiring, controller and gantry.",RootScope team archive; public release directed by the project owner on 2026-08-12; likeness and trademark rights do not imply endorsement,EXIF removed; privacy crop; documented screen/label blur where applicable; max 2400x1800 JPEG
mmexport1786529977040.jpg,aa3ba94af0eff8076ec1fcfe895595aa5267a6838acc3b6a3c1d408c782987e6,assets/media/demo/rootsight-live-inference.jpg,eb782cf5dadd37ba2ed9cbab2802fde5ed25ad9f2777ced26176884eb74c23ba,505821,,RootSight live answer-card inference on the physical rig.,RootScope team archive; public release directed by the project owner on 2026-08-12; likeness and trademark rights do not imply endorsement,EXIF removed; privacy crop; documented screen/label blur where applicable; max 2400x1800 JPEG
mmexport1786529975498.jpg,0495ad33b2bb6f8532faa294fbb25e3bb9683fbc19acb681950c9c8285d423af,assets/media/hardware/rdk-x5-edge-computer.jpg,86b88cd28bb1a3f5f8598e24ddba161d61266084499fda2da211b75531976769,314177,,RDK X5 edge computer used for perception and explanation.,RootScope team archive; public release directed by the project owner on 2026-08-12; likeness and trademark rights do not imply endorsement,EXIF removed; privacy crop; documented screen/label blur where applicable; max 2400x1800 JPEG
mmexport1786529973431.jpg,4b4f23b637f4bbfef9fbce304d3794853b3e76238f10c9099e9ab09c373d6f22,assets/media/hardware/stm32-control-stack.jpg,820f80c5428c4e894b824c07de5641dd24f154f180b44de0f693365526d80e95,280021,,STM32F103 control and power stack.,RootScope team archive; public release directed by the project owner on 2026-08-12; likeness and trademark rights do not imply endorsement,EXIF removed; privacy crop; documented screen/label blur where applicable; max 2400x1800 JPEG
mmexport1786529971968.jpg,0633f750cbcd936591cfa61f3ba9c7beff324cac05c01dc28cfd672290722dd6,assets/media/demo/dual-evidence-grass-clump.jpg,8270bf1a8144702f60ac18242a03097a38375589aca48c999150192e263fdad3,311302,,Controlled-card dual-evidence decision: CNN plus geometric matching.,RootScope team archive; public release directed by the project owner on 2026-08-12; likeness and trademark rights do not imply endorsement,EXIF removed; privacy crop; documented screen/label blur where applicable; max 2400x1800 JPEG
mmexport1786529981697.jpg,40fb118f22cd56c92b25473efcfc6c2d7ebba570ed55b989534e3ba79dfd5dee,assets/media/hardware/rack-pinion-probe-gantry.jpg,ec95844d20fe8641c5849148e556c70ef610169d4c34968521dffe565be76ee6,409045,,Rack-and-pinion probe and water-line gantry.,RootScope team archive; public release directed by the project owner on 2026-08-12; likeness and trademark rights do not imply endorsement,EXIF removed; privacy crop; documented screen/label blur where applicable; max 2400x1800 JPEG
1786530040465.jpg,fb24a9ab95133fc41498d744d4fd7fd2bde323a03c1bde0f81cd6cf7200909be,assets/media/event/hackathon-workbench-night.jpg,d1531bad794853a4d339afe788098245432cd3eda2626db2d42f182fd9a82492,377837,,Night-time development at AdventureX.,RootScope team archive; public release directed by the project owner on 2026-08-12; likeness and trademark rights do not imply endorsement,EXIF removed; privacy crop; documented screen/label blur where applicable; max 2400x1800 JPEG
1786530040478.jpg,dca0ebee3062f29401ed683d0d86a165b1f3d1718ce93523d1433e1e8b868ded,assets/media/event/adventurex-venue-entrance.jpg,e8d5df87d92f213b7e2e86c73cc74d93446126231bdd8c2388cb2bdfd42a4ebf,973565,,AdventureX venue entrance.,RootScope team archive; public release directed by the project owner on 2026-08-12; likeness and trademark rights do not imply endorsement,EXIF removed; privacy crop; documented screen/label blur where applicable; max 2400x1800 JPEG
1786530040496.jpg,952dd9dbc4d361d458aac17fb2033b96817be67a448a21423ad1201d0c9898cb,assets/media/event/adventurex-campus-banners.jpg,41c3c401e2f520e1b51c2e79615fe1e427c8724820fe63d32433af9fe4019056,1108860,,AdventureX 2026 event banners.,RootScope team archive; public release directed by the project owner on 2026-08-12; likeness and trademark rights do not imply endorsement,EXIF removed; privacy crop; documented screen/label blur where applicable; max 2400x1800 JPEG
1786530040522.jpg,f9d66dd545e54f7ba04a5ae5c6dbd43874e43082b56e954f66c1576060a4e5e4,assets/media/event/team-building-at-hackathon.jpg,9d7f2666fa33f518ef52ddeb04dca25d49b0fccdcba7636fc5c024ebc4f43777,420400,,RootScope team building the system during the hackathon.,RootScope team archive; public release directed by the project owner on 2026-08-12; likeness and trademark rights do not imply endorsement,EXIF removed; privacy crop; documented screen/label blur where applicable; max 2400x1800 JPEG
1786530040395.jpg,6d0fed78bfcb52e03eb38a2003c967fb3afd162f8277606e8f6701d1dcbc091d,assets/media/award/award-stage.jpg,7c6154faf31b7dcfd077807d03de08587ba0307fda60290f31feae4303203410,420100,,D-Robotics Give AI a Body track award ceremony; context image only.,RootScope team archive; public release directed by the project owner on 2026-08-12; likeness and trademark rights do not imply endorsement,EXIF removed; privacy crop; documented screen/label blur where applicable; max 2400x1800 JPEG
1786530040428.jpg,35f4a5c418feb56c752509b4146c023bcd90496482b4ea007d49e23f6b3a7fa6,assets/media/event/adventurex-campus-sunset.jpg,808a810d76b687ebd9ac044d354d2918e6c546d645afd480d9ad9357ed5e964a,493257,,AdventureX campus at sunset.,RootScope team archive; public release directed by the project owner on 2026-08-12; likeness and trademark rights do not imply endorsement,EXIF removed; privacy crop; documented screen/label blur where applicable; max 2400x1800 JPEG
1786530040445.jpg,9ec4671d2c8d7f96cd8396c6ee7f11ad564a8e1b317665ca5d7bcdcf8cf68a8a,assets/media/event/adventurex-campus-lakeside.jpg,45b196c447d2dfee9c784c991aa1a523813fe61c344def8df13c65163abfd1a7,790829,,AdventureX campus lakeside.,RootScope team archive; public release directed by the project owner on 2026-08-12; likeness and trademark rights do not imply endorsement,EXIF removed; privacy crop; documented screen/label blur where applicable; max 2400x1800 JPEG
AdventureX2026_DRobotics_银奖第二名_团队合影.jpg,48a47bcabd79c0c4c58a5b92dae72dc6aa4a3c09d9a3a24e083970bce3290742,assets/media/award/team-award.jpg,6b7b86825c8aa40950e0c4cfe2198e13a036406f2057c75657e36ac66d227e6f,264005,,RootScope team with the Silver Award display and two RDK X5 prizes.,RootScope team archive; public release directed by the project owner on 2026-08-12; likeness and trademark rights do not imply endorsement,EXIF removed; privacy crop; documented screen/label blur where applicable; max 2400x1800 JPEG
mmexport1786529983379.mp4,1703b1c9946f3b3c9b04fdc3148df6754b6cf4e852536fdbcf45352c703de0e1,assets/media/demo/demo-overview.jpg,704b45e1f5090e45a310f8c319c37bce2815f465c58f72533d20351c8cff4adc,87774,,Water-delivery frame from the physical demonstration.,RootScope team archive; public release directed by the project owner on 2026-08-12; likeness and trademark rights do not imply endorsement,frame at 27.0s; bottle label redacted; metadata removed
mmexport1786529983379.mp4,1703b1c9946f3b3c9b04fdc3148df6754b6cf4e852536fdbcf45352c703de0e1,assets/media/demo/rootscope-probe-and-irrigation-demo.mp4,76ae107711b58aa5faf74acb6ffe99f0f73bd6bd7ac80af9f982e6c0292e3471,32775099,33.5,Physical probe and water-delivery demonstration; controlled technical segment.,RootScope team archive; public release directed by the project owner on 2026-08-12; likeness and trademark rights do not imply endorsement,trim 0.0-33.5s; audio removed; H.264/yuv420p; bottle label redacted; container metadata discarded
mmexport1786529983379.mp4,1703b1c9946f3b3c9b04fdc3148df6754b6cf4e852536fdbcf45352c703de0e1,assets/media/demo/probe-descent.mp4,0253ef71edc761939cdaf1f970e910e4ddd48b991879c1418ba253b209fac4ec,17297908,18.0,Physical probe and water-delivery demonstration; controlled technical segment.,RootScope team archive; public release directed by the project owner on 2026-08-12; likeness and trademark rights do not imply endorsement,trim 6.0-24.0s; audio removed; H.264/yuv420p; bottle label redacted; container metadata discarded
mmexport1786529983379.mp4,1703b1c9946f3b3c9b04fdc3148df6754b6cf4e852536fdbcf45352c703de0e1,assets/media/demo/water-delivery.mp4,d2119b495f422043dd8e20fe890ec38eb8f30449aa02bd3de1e2ec96f2cd5d22,7269124,7.5,Physical probe and water-delivery demonstration; controlled technical segment.,RootScope team archive; public release directed by the project owner on 2026-08-12; likeness and trademark rights do not imply endorsement,trim 24.0-31.5s; audio removed; H.264/yuv420p; bottle label redacted; container metadata discarded
